source,speaker,start,end,text,overlap,surface,resolved,resolution,sentiment,evidence,text_confidence,tone_valence,tone_polarity,tone_conflict,sentiment_confidence
https://youtu.be/DIeSOIRcyng,Speaker 1,4.351,9.578,Boeing has reported 143 commercial aircraft deliveries in the first quarter of this year.,False,Boeing,Boeing,resolved,neutral,Boeing has reported,1.0,0.549,neutral,False,1.0
https://youtu.be/DIeSOIRcyng,Speaker 1,4.351,9.578,Boeing has reported 143 commercial aircraft deliveries in the first quarter of this year.,False,commercial aircraft,commercial aircraft,unresolved,neutral,143 commercial aircraft deliveries,1.0,0.549,neutral,False,1.0
https://youtu.be/DIeSOIRcyng,Speaker 1,4.351,9.578,Boeing has reported 143 commercial aircraft deliveries in the first quarter of this year.,False,this year,this year,unresolved,neutral,first quarter of this year,1.0,0.549,neutral,False,1.0
https://youtu.be/DIeSOIRcyng,Speaker 1,9.959,16.087,"That not only exceeds forecasting, but it does really mark a pivotal step in the ongoing recovery of the business.",False,Boeing,Boeing,resolved,positive,"exceeds forecasting, mark a pivotal step",1.0,0.576,neutral,False,1.0
https://youtu.be/DIeSOIRcyng,Speaker 1,9.959,16.087,"That not only exceeds forecasting, but it does really mark a pivotal step in the ongoing recovery of the business.",False,the business,the business,resolved,positive,pivotal step in the ongoing recovery,1.0,0.576,neutral,False,1.0
https://youtu.be/DIeSOIRcyng,Speaker 1,16.528,31.388,"Dominated by the heavy deliveries of the most important single-aisle 737 MAX product and complemented by the 787, this Q1 performance I'm going to talk to you about today and dig a little deeper into sees it outpace Airbus for aircraft deliveries in Q1.",False,737 MAX,737 MAX,resolved,positive,heavy deliveries of the most important single-aisle 737 MAX product,1.0,0.715,positive,False,1.0
https://youtu.be/DIeSOIRcyng,Speaker 1,16.528,31.388,"Dominated by the heavy deliveries of the most important single-aisle 737 MAX product and complemented by the 787, this Q1 performance I'm going to talk to you about today and dig a little deeper into sees it outpace Airbus for aircraft deliveries in Q1.",False,787,787,resolved,positive,complemented by the 787,1.0,0.715,positive,False,1.0
https://youtu.be/DIeSOIRcyng,Speaker 1,16.528,31.388,"Dominated by the heavy deliveries of the most important single-aisle 737 MAX product and complemented by the 787, this Q1 performance I'm going to talk to you about today and dig a little deeper into sees it outpace Airbus for aircraft deliveries in Q1.",False,Airbus,Airbus,resolved,negative,sees it outpace Airbus for aircraft deliveries in Q1,1.0,0.715,positive,True,0.75
https://youtu.be/DIeSOIRcyng,Speaker 1,31.368,72.917,The 143 deliveries in the first quarter Thanks for watching.,False,the 143 deliveries in the first quarter,unresolved,unresolved,neutral,The 143 deliveries in the first quarter,0.0,0.547,neutral,False,0.0
https://youtu.be/DIeSOIRcyng,Speaker 1,31.368,72.917,The 143 deliveries in the first quarter Thanks for watching.,False,Airbus,resolved,resolved,negative,sees it outpace Airbus for aircraft deliveries in Q1,0.0,0.547,neutral,False,0.0
https://youtu.be/DIeSOIRcyng,Speaker 1,72.897,79.609,"For Boeing, starting the year strong really did set the tone, and it was a pace it was able to maintain throughout the first three months.",False,Boeing,Boeing,resolved,positive,starting the year strong really did set the tone,1.0,0.659,positive,False,1.0
https://youtu.be/DIeSOIRcyng,Speaker 1,72.897,79.609,"For Boeing, starting the year strong really did set the tone, and it was a pace it was able to maintain throughout the first three months.",False,it,Boeing,unresolved,positive,starting the year strong really did set the tone,1.0,0.659,positive,False,1.0
https://youtu.be/DIeSOIRcyng,Speaker 1,79.95,86.341,"With an impressive 46 deliveries in January, that outpaced and more than doubled the 19 at Airbus.",False,Boeing,Boeing,resolved,positive,impressive 46 deliveries,1.0,0.607,neutral,False,1.0
https://youtu.be/DIeSOIRcyng,Speaker 1,79.95,86.341,"With an impressive 46 deliveries in January, that outpaced and more than doubled the 19 at Airbus.",False,Airbus,Airbus,resolved,negative,19 at Airbus,1.0,0.607,neutral,False,1.0
https://youtu.be/DIeSOIRcyng,Speaker 1,86.782,95.057,"In February, the business added 51 jets to airlines, and the momentum was sustained early on, even with ongoing supply chain pressures.",False,the business,Boeing,resolved,neutral,the business added 51 jets to airlines,1.0,0.591,neutral,False,1.0
https://youtu.be/DIeSOIRcyng,Speaker 1,86.782,95.057,"In February, the business added 51 jets to airlines, and the momentum was sustained early on, even with ongoing supply chain pressures.",False,airlines,airlines,resolved,neutral,the business added 51 jets to airlines,1.0,0.591,neutral,False,1.0
https://youtu.be/DIeSOIRcyng,Speaker 1,86.782,95.057,"In February, the business added 51 jets to airlines, and the momentum was sustained early on, even with ongoing supply chain pressures.",False,the momentum,unresolved,unresolved,neutral,the momentum was sustained early on,1.0,0.591,neutral,False,1.0
https://youtu.be/DIeSOIRcyng,Speaker 1,86.782,95.057,"In February, the business added 51 jets to airlines, and the momentum was sustained early on, even with ongoing supply chain pressures.",False,supply chain pressures,unresolved,unresolved,negative,even with ongoing supply chain pressures,1.0,0.591,neutral,False,1.0
https://youtu.be/DIeSOIRcyng,Speaker 1,95.037,99.242,"March, however, did see a slower delivery output, dropping back down to 46.",False,March,March,resolved,neutral,"March, however, did see a slower delivery output, dropping back down to 46.",1.0,0.475,neutral,False,1.0
https://youtu.be/DIeSOIRcyng,Speaker 1,95.037,99.242,"March, however, did see a slower delivery output, dropping back down to 46.",False,Boeing,Boeing,resolved,neutral,"March, however, did see a slower delivery output, dropping back down to 46.",1.0,0.475,neutral,False,1.0
https://youtu.be/DIeSOIRcyng,Speaker 1,99.922,101.044,This wasn't a shock.,False,this,the slower delivery output in March,unresolved,negative,did see a slower delivery output,1.0,0.301,negative,False,1.0
https://youtu.be/DIeSOIRcyng,Speaker 1,101.104,106.089,Boeing had already flagged obstacles in the rework of some of its undelivered MAX aircraft.,False,Boeing,Boeing,resolved,neutral,Boeing had already flagged obstacles,1.0,0.474,neutral,False,1.0
https://youtu.be/DIeSOIRcyng,Speaker 1,101.104,106.089,Boeing had already flagged obstacles in the rework of some of its undelivered MAX aircraft.,False,the rework of some of its undelivered MAX aircraft,the rework of some of its undelivered MAX aircraft,unresolved,neutral,Boeing had already flagged obstacles in the rework,1.0,0.474,neutral,False,1.0
https://youtu.be/DIeSOIRcyng,Speaker 1,101.104,106.089,Boeing had already flagged obstacles in the rework of some of its undelivered MAX aircraft.,False,the MAX aircraft,the MAX aircraft,unresolved,neutral,Boeing had already flagged obstacles in the rework of some of its undelivered MAX aircraft,1.0,0.474,neutral,False,1.0
https://youtu.be/DIeSOIRcyng,Speaker 1,106.51,113.698,"Away from the MAX, widebody contributions are always valuable in making up the quarterly numbers, with the delivery of 15 787s.",False,787,787,resolved,positive,delivery of 15 787s,1.0,0.589,neutral,False,1.0
https://youtu.be/DIeSOIRcyng,Speaker 1,106.51,113.698,"Away from the MAX, widebody contributions are always valuable in making up the quarterly numbers, with the delivery of 15 787s.",False,MAX,MAX,resolved,neutral,Away from the MAX,1.0,0.589,neutral,False,1.0
https://youtu.be/DIeSOIRcyng,Speaker 1,113.778,120.285,"These planes key for many airlines' long-haul renewal efforts, and growth as well, in a push to become more efficient.",False,these planes,787s,resolved,positive,"key for many airlines' long-haul renewal efforts, and growth as well",1.0,0.621,neutral,False,1.0
https://youtu.be/DIeSOIRcyng,Speaker 1,113.778,120.285,"These planes key for many airlines' long-haul renewal efforts, and growth as well, in a push to become more efficient.",False,many airlines,unresolved,unresolved,positive,"key for many airlines' long-haul renewal efforts, and growth as well",1.0,0.621,neutral,False,1.0
https://youtu.be/DIeSOIRcyng,Speaker 1,120.265,127.702,"Boeing continued to deliver aircraft from the 777 program, the jet proving valuable as a freighter, even on the 767 platform.",False,Boeing,Boeing,resolved,positive,Boeing continued to deliver aircraft,1.0,0.627,neutral,False,1.0
https://youtu.be/DIeSOIRcyng,Speaker 1,120.265,127.702,"Boeing continued to deliver aircraft from the 777 program, the jet proving valuable as a freighter, even on the 767 platform.",False,the 777 program,the 777 program,resolved,positive,the jet proving valuable,1.0,0.627,neutral,False,1.0
https://youtu.be/DIeSOIRcyng,Speaker 1,120.265,127.702,"Boeing continued to deliver aircraft from the 777 program, the jet proving valuable as a freighter, even on the 767 platform.",False,the jet,the jet,unresolved,positive,the jet proving valuable,1.0,0.627,neutral,False,1.0
https://youtu.be/DIeSOIRcyng,Speaker 1,120.265,127.702,"Boeing continued to deliver aircraft from the 777 program, the jet proving valuable as a freighter, even on the 767 platform.",False,the 767 platform,the 767 platform,resolved,positive,even on the 767 platform,1.0,0.627,neutral,False,1.0
https://youtu.be/DIeSOIRcyng,Speaker 1,128.043,132.072,These models accounting for and cover the output in the long haul segment.,False,these models,787s and 777 program,unresolved,positive,"valuable in making up the quarterly numbers, with the delivery of 15 787s",1.0,0.554,neutral,False,1.0
https://youtu.be/DIeSOIRcyng,Speaker 1,128.043,132.072,These models accounting for and cover the output in the long haul segment.,False,the output,the output in the long haul segment,unresolved,neutral,accounting for and cover the output,1.0,0.554,neutral,False,1.0
https://youtu.be/DIeSOIRcyng,Speaker 1,132.493,136.722,"In just the first three months of the year, Boeing did outperform its competitor Airbus.",False,Boeing,Boeing,resolved,positive,did outperform,1.0,0.602,neutral,False,1.0
https://youtu.be/DIeSOIRcyng,Speaker 1,132.493,136.722,"In just the first three months of the year, Boeing did outperform its competitor Airbus.",False,Airbus,Airbus,resolved,neutral,its competitor,1.0,0.602,neutral,False,1.0
https://youtu.be/DIeSOIRcyng,Speaker 1,136.702,139.49,And that really for the first time on a sustained basis.,False,the first time on a sustained basis,the first time on a sustained basis,unresolved,neutral,And that really for the first time on a sustained basis,0.0,0.536,neutral,False,0.0
https://youtu.be/DIeSOIRcyng,Speaker 1,139.931,151.723,Airbus itself has already been hampered by engine supply chain bottlenecks and the delayed output rates across key programs due to persistent issues and unsolved quality defects that it's trying to work through.,False,Airbus,Airbus,resolved,negative,hampered by engine supply chain bottlenecks and the delayed output rates across key programs due to persistent issues and unsolved quality defects,1.0,0.434,neutral,False,1.0
https://youtu.be/DIeSOIRcyng,Speaker 1,139.931,151.723,Airbus itself has already been hampered by engine supply chain bottlenecks and the delayed output rates across key programs due to persistent issues and unsolved quality defects that it's trying to work through.,False,engine supply chain bottlenecks,engine supply chain bottlenecks,unresolved,negative,hampered by engine supply chain bottlenecks,1.0,0.434,neutral,False,1.0
https://youtu.be/DIeSOIRcyng,Speaker 1,139.931,151.723,Airbus itself has already been hampered by engine supply chain bottlenecks and the delayed output rates across key programs due to persistent issues and unsolved quality defects that it's trying to work through.,False,the delayed output rates,the delayed output rates,unresolved,negative,the delayed output rates across key programs due to persistent issues and unsolved quality defects,1.0,0.434,neutral,False,1.0
https://youtu.be/DIeSOIRcyng,Speaker 1,139.931,151.723,Airbus itself has already been hampered by engine supply chain bottlenecks and the delayed output rates across key programs due to persistent issues and unsolved quality defects that it's trying to work through.,False,persistent issues,persistent issues,unresolved,negative,due to persistent issues and unsolved quality defects,1.0,0.434,neutral,False,1.0
https://youtu.be/DIeSOIRcyng,Speaker 1,139.931,151.723,Airbus itself has already been hampered by engine supply chain bottlenecks and the delayed output rates across key programs due to persistent issues and unsolved quality defects that it's trying to work through.,False,unsolved quality defects,unsolved quality defects,unresolved,negative,due to persistent issues and unsolved quality defects,1.0,0.434,neutral,False,1.0
https://youtu.be/DIeSOIRcyng,Speaker 1,151.703,169.375,Thanks for watching.,False,watching,watching,resolved,neutral,Thanks for watching.,1.0,0.518,neutral,False,1.0
https://youtu.be/DIeSOIRcyng,Speaker 1,169.355,184.158,"Either way, the 10% year-over-year growth means that Boeing has been able to make up for lost ground over the 2020s, but it is only the beginning, with safety crises, cash issues, and production groundings has seen its counterparts soar ahead in more ways than one.",False,Boeing,Boeing,resolved,positive,make up for lost ground,1.0,0.459,neutral,False,1.0
https://youtu.be/DIeSOIRcyng,Speaker 1,169.355,184.158,"Either way, the 10% year-over-year growth means that Boeing has been able to make up for lost ground over the 2020s, but it is only the beginning, with safety crises, cash issues, and production groundings has seen its counterparts soar ahead in more ways than one.",False,its counterparts,Airbus,unresolved,positive,soar ahead,1.0,0.459,neutral,False,1.0
https://youtu.be/DIeSOIRcyng,Speaker 1,184.459,187.363,That is especially felt in the narrowbody sector.,False,narrowbody sector,narrowbody sector,unresolved,neutral,That is especially felt in the narrowbody sector.,1.0,0.447,neutral,False,1.0
https://youtu.be/DIeSOIRcyng,Speaker 1,187.343,189.286,Boeing is not intending to hit the brakes.,False,Boeing,Boeing,resolved,positive,Boeing is not intending to hit the brakes,1.0,0.344,negative,True,0.75
https://youtu.be/DIeSOIRcyng,Speaker 1,189.306,200.922,"Despite some concerns across the last month, it's hopeful that it will rebound throughout this year, with what it describes as a quality-first production approach that's crucial to its turnaround efforts actually sticking the landing.",False,it,Boeing,resolved,positive,it will rebound,1.0,0.64,neutral,False,1.0
https://youtu.be/DIeSOIRcyng,Speaker 1,189.306,200.922,"Despite some concerns across the last month, it's hopeful that it will rebound throughout this year, with what it describes as a quality-first production approach that's crucial to its turnaround efforts actually sticking the landing.",False,it,Boeing,resolved,positive,it will rebound,1.0,0.64,neutral,False,1.0
https://youtu.be/DIeSOIRcyng,Speaker 1,189.306,200.922,"Despite some concerns across the last month, it's hopeful that it will rebound throughout this year, with what it describes as a quality-first production approach that's crucial to its turnaround efforts actually sticking the landing.",False,a quality-first production approach,a quality-first production approach,unresolved,positive,crucial to its turnaround efforts,1.0,0.64,neutral,False,1.0
https://youtu.be/DIeSOIRcyng,Speaker 1,201.402,234.31,"Leaning on lessons learned from the MAX crashes, the door plug incidents, and intervention from the FAA, the manufacturer will work closely to ramp up production of its MAX from the currently restricted 42 units to a hoped-for Thanks for watching.",False,Boeing,Boeing,resolved,positive,ramp up production of its MAX,1.0,0.553,neutral,False,1.0
https://youtu.be/DIeSOIRcyng,Speaker 1,201.402,234.31,"Leaning on lessons learned from the MAX crashes, the door plug incidents, and intervention from the FAA, the manufacturer will work closely to ramp up production of its MAX from the currently restricted 42 units to a hoped-for Thanks for watching.",False,the MAX,the MAX,resolved,positive,ramp up production of its MAX,1.0,0.553,neutral,False,1.0
https://youtu.be/DIeSOIRcyng,Speaker 1,201.402,234.31,"Leaning on lessons learned from the MAX crashes, the door plug incidents, and intervention from the FAA, the manufacturer will work closely to ramp up production of its MAX from the currently restricted 42 units to a hoped-for Thanks for watching.",False,the FAA,the FAA,resolved,neutral,intervention from the FAA,1.0,0.553,neutral,False,1.0
https://youtu.be/DIeSOIRcyng,Speaker 1,234.29,241.498,"As customers await their aircraft, delays create additional pressure points for all parties, and especially on the side of Boeing financially.",False,Boeing,Boeing,resolved,negative,"delays create additional pressure points for all parties, and especially on the side of Boeing financially",1.0,0.433,neutral,False,1.0
https://youtu.be/DIeSOIRcyng,Speaker 1,234.29,241.498,"As customers await their aircraft, delays create additional pressure points for all parties, and especially on the side of Boeing financially.",False,customers,customers,resolved,neutral,As customers await their aircraft,1.0,0.433,neutral,False,1.0
https://youtu.be/DIeSOIRcyng,Speaker 1,234.29,241.498,"As customers await their aircraft, delays create additional pressure points for all parties, and especially on the side of Boeing financially.",False,aircraft,aircraft,resolved,neutral,As customers await their aircraft,1.0,0.433,neutral,False,1.0
https://youtu.be/DIeSOIRcyng,Speaker 1,234.29,241.498,"As customers await their aircraft, delays create additional pressure points for all parties, and especially on the side of Boeing financially.",False,parties,parties,resolved,neutral,delays create additional pressure points for all parties,1.0,0.433,neutral,False,1.0
https://youtu.be/DIeSOIRcyng,Speaker 1,241.538,248.405,"Therefore, proving that quality has improved is a key way to navigating the remaining pressure points for this manufacturer.",False,quality,quality,resolved,positive,proving that quality has improved,1.0,0.559,neutral,False,1.0
https://youtu.be/DIeSOIRcyng,Speaker 1,241.538,248.405,"Therefore, proving that quality has improved is a key way to navigating the remaining pressure points for this manufacturer.",False,this manufacturer,Boeing,unresolved,neutral,this manufacturer,0.0,0.559,neutral,False,0.0
https://youtu.be/DIeSOIRcyng,Speaker 1,248.825,255.592,"Either way, 143 deliveries in Q1 is something to be commended, let alone actually outpacing Airbus.",False,Boeing,Boeing,resolved,positive,something to be commended,1.0,0.634,neutral,False,1.0
https://youtu.be/DIeSOIRcyng,Speaker 1,248.825,255.592,"Either way, 143 deliveries in Q1 is something to be commended, let alone actually outpacing Airbus.",False,Airbus,Airbus,resolved,neutral,outpacing,1.0,0.634,neutral,False,1.0
https://youtu.be/DIeSOIRcyng,Speaker 1,255.933,264.281,"While that may not continue for the remainder of the year, as its European rival sorts out many hopefully of its own challenges in production.",False,Boeing,Boeing,resolved,neutral,as its European rival sorts out many hopefully of its own challenges in production,1.0,0.575,neutral,False,1.0
https://youtu.be/DIeSOIRcyng,Speaker 1,255.933,264.281,"While that may not continue for the remainder of the year, as its European rival sorts out many hopefully of its own challenges in production.",False,its European rival,Airbus,unresolved,neutral,as its European rival sorts out many hopefully of its own challenges in production,0.9,0.575,neutral,False,0.9
https://youtu.be/DIeSOIRcyng,Speaker 1,264.321,271.209,"It's encouraging to see the gap between the two planemakers, which for so long had been so far apart, come closer together.",False,the gap,the gap between the two planemakers,unresolved,positive,encouraging to see,1.0,0.63,neutral,False,1.0
https://youtu.be/DIeSOIRcyng,Speaker 1,264.321,271.209,"It's encouraging to see the gap between the two planemakers, which for so long had been so far apart, come closer together.",False,the two planemakers,the two planemakers,resolved,neutral,the gap between the two planemakers,1.0,0.63,neutral,False,1.0
https://youtu.be/DIeSOIRcyng,Speaker 1,271.489,277.796,"Because at the end of the day, two healthy leading manufacturers in Airbus and Boeing is better for everyone.",False,Airbus,Airbus,resolved,positive,"encouraging to see the gap between the two planemakers, which for so long had been so far apart, come closer together.",1.0,0.552,neutral,False,1.0
https://youtu.be/DIeSOIRcyng,Speaker 1,271.489,277.796,"Because at the end of the day, two healthy leading manufacturers in Airbus and Boeing is better for everyone.",False,Boeing,Boeing,resolved,positive,two healthy leading manufacturers in Airbus and Boeing is better for everyone,1.0,0.552,neutral,False,1.0
https://youtu.be/DIeSOIRcyng,Speaker 1,278.077,287.567,"Thanks for watching, leave your thoughts down below in the comments, and I'll see you back here tomorrow.",False,you,the speaker,resolved,neutral,Thanks for watching,1.0,0.657,positive,False,1.0
https://youtu.be/DIeSOIRcyng,Speaker 1,294.972,297.244,Bye.,False,Boeing,Boeing,resolved,positive,"Either way, 143 deliveries in Q1 is something to be commended, let alone actually outpacing Airbus.",1.0,0.466,neutral,False,1.0
https://youtu.be/DIeSOIRcyng,Speaker 1,297.51,297.591,Bye.,False,Bye,Bye,resolved,neutral,"The speaker is saying goodbye, which is a neutral statement.",1.0,,unknown,False,1.0
